用户名,ID,
石头,251231104446000002,
夏妍捷,251231104446000003,
胡攀,251231104446000004,
童海亮,251231104446000005,
洪琳,251231104446000006,
王思敏,251231104446000007,
邢秀齐,251231104446000008,
,251231104446000009,
,251231104446000010,
,251231104446000011,
,251231104446000012,
,251231104446000013,
,251231104446000014,
,251231104446000015,
,251231104446000016,
,251231104446000017,
,251231104446000018,
,251231104446000019,
,251231104446000020,
,251231104446000021,
,251231104446000022,
,251231104446000023,
,251231104446000024,
,251231104446000025,
,251231104446000026,
,251231104446000027,
,251231104446000028,
,251231104446000029,
